store_id,region_id,store_type,store_name,store_street_address,store_city,store_state,store_country,store_phone,first_opened_date,last_remodel_date,total_sqft,grocery_sqft
1,28,Supermarket,Store 1,2853 Bailey Rd,Acapulco,Guerrero,Mexico,262-555-5124,9/01/1982,5/12/1990,23593,17475
2,78,Small Grocery,Store 2,5203 Catanzaro Way,Bellingham,WA,USA,605-555-8203,2/04/1970,4/06/1973,28206,22271
3,76,Supermarket,Store 3,1501 Ramsey Circle,Bremerton,WA,USA,509-555-1596,14/06/1959,19/11/1967,39696,24390
4,27,Gourmet Supermarket,Store 4,433 St George Dr,Camacho,Zacatecas,Mexico,304-555-1474,27/09/1994,1/12/1995,23759,16844
5,4,Small Grocery,Store 5,1250 Coggins Drive,Guadalajara,Jalisco,Mexico,801-555-4324,18/09/1978,29/06/1991,24597,15012
6,47,Gourmet Supermarket,Store 6,5495 Mitchell Canyon Road,Beverly Hills,CA,USA,958-555-5002,3/01/1981,13/03/1991,23688,15337
7,3,Supermarket,Store 7,1077 Wharf Drive,Los Angeles,CA,USA,477-555-7967,21/05/1971,20/10/1981,23598,14210
8,26,Deluxe Supermarket,Store 8,3173 Buena Vista Ave,Merida,Yucatan,Mexico,797-555-3417,23/09/1958,18/11/1967,30797,20141
9,2,Mid-Size Grocery,Store 9,1872 El Pintado Road,Mexico City,DF,Mexico,439-555-3524,18/03/1955,7/06/1959,36509,22450
10,24,Supermarket,Store 10,7894 Rotherham Dr,Orizaba,Veracruz,Mexico,212-555-4774,13/04/1979,30/01/1982,34791,26354
11,22,Supermarket,Store 11,5371 Holland Circle,Portland,OR,USA,685-555-8995,17/09/1976,15/05/1982,20319,16232
12,25,Deluxe Supermarket,Store 12,1120 Westchester Pl,Hidalgo,Zacatecas,Mexico,151-555-1702,25/03/1968,18/12/1993,30584,21938
13,23,Deluxe Supermarket,Store 13,5179 Valley Ave,Salem,OR,USA,977-555-2724,13/04/1957,10/11/1997,27694,18670
14,1,Small Grocery,Store 14,4365 Indigo Ct,San Francisco,CA,USA,135-555-4888,24/11/1957,7/01/1958,22478,15321
15,18,Supermarket,Store 15,5006 Highland Drive,Seattle,WA,USA,893-555-1024,24/07/1969,19/10/1973,21215,13305
16,87,Supermarket,Store 16,5922 La Salle Ct,Spokane,WA,USA,643-555-3645,23/08/1974,13/07/1977,30268,22063
17,84,Deluxe Supermarket,Store 17,490 Risdon Road,Tacoma,WA,USA,855-555-5581,30/05/1970,23/06/1976,33858,22123
18,25,Mid-Size Grocery,Store 18,6764 Glen Road,Hidalgo,Zacatecas,Mexico,528-555-8317,28/06/1969,30/08/1975,38382,30351
19,5,Deluxe Supermarket,Store 19,6644 Sudance Drive,Vancouver,BC,Canada,862-555-7395,27/03/1977,25/10/1990,23112,16418
20,6,Mid-Size Grocery,Store 20,3706 Marvelle Ln,Victoria,BC,Canada,897-555-1931,6/02/1980,9/04/1987,34452,27463
21,106,Deluxe Supermarket,Store 21,4093 Steven Circle,San Andres,DF,Mexico,493-555-4781,7/02/1986,16/04/1990,32717,25453
22,88,Small Grocery,Store 22,9606 Julpum Loop,Walla Walla,WA,USA,881-555-5117,24/01/1951,17/10/1969,35918,24837
23,89,Mid-Size Grocery,Store 23,3920 Noah Court,Yakima,WA,USA,170-555-8424,16/07/1977,24/07/1987,29182,19283
24,7,Supermarket,Store 24,2342 Waltham St.,San Diego,CA,USA,111-555-0303,22/05/1979,20/04/1986,27372,18293
